Название светильника,Цена,Ссылка на светильник
"Подвесной светильник Layham
1650руб.
В Cплит
19 790руб.
30 690руб.
-35%","19 790руб.
30 690руб.
-35%",https://www.divan.ru/product/podvesnoj-svetilnik-layham
"Подвесной светильник Townshend-4
1283руб.
В Cплит
15 390руб.
22 690руб.
-32%","15 390руб.
22 690руб.
-32%",https://www.divan.ru/product/podvesnoj-svetilnik-townshend-4
"Подвесной светильник Milligan
458руб.
В Cплит
5490руб.
6590руб.
-16%","5490руб.
6590руб.
-16%",https://www.divan.ru/product/podvesnoj-svetilnik-milligan
"Подвесной светильник Chieveley
1558руб.
В Cплит
18 690руб.
25 390руб.
-26%","18 690руб.
25 390руб.
-26%",https://www.divan.ru/product/podvesnoj-svetilnik-chieveley
"Подвесной светильник Tureis
283руб.
В Cплит
3390руб.",3390руб.,https://www.divan.ru/product/podvesnoj-svetilnik-tureis
"Бра Aqua-Bolla
183руб.
В Cплит
2190руб.",2190руб.,https://www.divan.ru/product/bra-aqua-bolla
"Подвесной светильник Volare-1
360руб.
В Cплит
4320руб.
4800руб.
-10%","4320руб.
4800руб.
-10%",https://www.divan.ru/product/podvesnoj-svetilnik-volare-1
"Бра Bolla-Unica
441руб.
В Cплит
5290руб.",5290руб.,https://www.divan.ru/product/bra-bolla-unica
"Светильник потолочный Matthew
416руб.
В Cплит
4990руб.",4990руб.,https://www.divan.ru/product/svetilnik-potolochnyj-matthew
"Бра Galdakao-1
550руб.
В Cплит
6590руб.
9890руб.
-33%","6590руб.
9890руб.
-33%",https://www.divan.ru/product/bra-galdakao
"Подвесной светильник Moderli Brizzi-2
658руб.
В Cплит
7890руб.
9990руб.
-21%","7890руб.
9990руб.
-21%",https://www.divan.ru/product/podvesnoj-svetilnik-moderli-brizzi-2
"Подвесной светильник Moderli Lewes
1200руб.
В Cплит
14 390руб.",14 390руб.,https://www.divan.ru/product/podvesnoj-svetilnik-moderli-lewes
"Подвесной светильник Moderli Libre
466руб.
В Cплит
5590руб.
8990руб.
-37%","5590руб.
8990руб.
-37%",https://www.divan.ru/product/podvesnoj-svetilnik-moderli-libre
"Бра Tarbes-2
275руб.
В Cплит
3290руб.
5590руб.
-41%","3290руб.
5590руб.
-41%",https://www.divan.ru/product/bra-tarbes-2
"Подвесной светильник Moderli Host-2
1150руб.
В Cплит
13 790руб.
19 990руб.
-31%","13 790руб.
19 990руб.
-31%",https://www.divan.ru/product/podvesnoj-svetilnik-moderli-host-2
"Подвесной светильник Moderli Alina
791руб.
В Cплит
9490руб.",9490руб.,https://www.divan.ru/product/podvesnoj-svetilnik-moderli-alina
"Бра Moderli Birds-2
1241руб.
В Cплит
14 890руб.
24 990руб.
-40%","14 890руб.
24 990руб.
-40%",https://www.divan.ru/product/bra-moderli-birds-2
"Подвесной светильник Moderli Martin-2
1333руб.
В Cплит
15 990руб.
24 990руб.
-36%","15 990руб.
24 990руб.
-36%",https://www.divan.ru/product/podvesnoj-svetilnik-moderli-martin-2
"Подвесной светильник Moderli Arya-2
700руб.
В Cплит
8390руб.
14 990руб.
-44%","8390руб.
14 990руб.
-44%",https://www.divan.ru/product/podvesnoj-svetilnik-moderli-arya-2
"Бра Moderli Alina
283руб.
В Cплит
3390руб.",3390руб.,https://www.divan.ru/product/bra-moderli-alina
"Подвесной светильник Narices
775руб.
В Cплит
9290руб.",9290руб.,https://www.divan.ru/product/podvesnoj-svetilnik-narices
"Подвесной светильник Moderli Martin-1
583руб.
В Cплит
6990руб.",6990руб.,https://www.divan.ru/product/podvesnoj-svetilnik-moderli-martin-1
"Подвесной светильник Narices-1
2200руб.
В Cплит
26 390руб.",26 390руб.,https://www.divan.ru/product/podvesnoj-svetilnik-narices-1
"Подвесной светильник Moderli Host-1
575руб.
В Cплит
6890руб.
7990руб.
-13%","6890руб.
7990руб.
-13%",https://www.divan.ru/product/podvesnoj-svetilnik-moderli-host-1
"Подвесной светильник Даклин White
333руб.
В Cплит
3990руб.",3990руб.,https://www.divan.ru/product/podvesnoj-svetilnik-daklin-white
"Спот Лима-1 Black
208руб.
В Cплит
2490руб.",2490руб.,https://www.divan.ru/product/spot-lima-1-black
"Подвесной светильник Moderli Zoe-2
741руб.
В Cплит
8890руб.
15 990руб.
-44%","8890руб.
15 990руб.
-44%",https://www.divan.ru/product/podvesnoj-svetilnik-moderli-zoe-2
"Подвесной светильник Эдли Beige
2475руб.
В Cплит
29 690руб.",29 690руб.,https://www.divan.ru/product/podvesnoj-svetilnik-edli-beige
"Спот Минки-1 White
116руб.
В Cплит
1390руб.",1390руб.,https://www.divan.ru/product/spot-minki-1-white
"Спот Минки Grey
100руб.
В Cплит
1190руб.",1190руб.,https://www.divan.ru/product/spot-minki-grey
"Бра Moderli Birds-1
833руб.
В Cплит
9990руб.",9990руб.,https://www.divan.ru/product/bra-moderli-birds-1
"Бра Lubenham
641руб.
В Cплит
7690руб.
8890руб.
-13%","7690руб.
8890руб.
-13%",https://www.divan.ru/product/bra-lubenham
"Подвесной светильник Volare
333руб.
В Cплит
3990руб.",3990руб.,https://www.divan.ru/product/podvesnoj-svetilnik-volare
"Подвесной светильник Milligan-1
1375руб.
В Cплит
16 490руб.
19 990руб.
-17%","16 490руб.
19 990руб.
-17%",https://www.divan.ru/product/podvesnoj-svetilnik-milligan-1
"Подвесной светильник Вьено-5 Black
1033руб.
В Cплит
12 390руб.
14 990руб.
-17%","12 390руб.
14 990руб.
-17%",https://www.divan.ru/product/podvesnoj-svetilnik-veno-5-black
"Подвесной светильник Минки-2 Black
258руб.
В Cплит
3090руб.",3090руб.,https://www.divan.ru/product/podvesnoj-svetilnik-minki-2-black
"Бра Tarbes-1
483руб.
В Cплит
5790руб.",5790руб.,https://www.divan.ru/product/bra-tarbes-1
"Подвесной светильник Маро Green
975руб.
В Cплит
11 690руб.",11 690руб.,https://www.divan.ru/product/podvesnoj-svetilnik-maro-green
"Спот Дьюк White
213руб.
В Cплит
2549руб.",2549руб.,https://www.divan.ru/product/spot-dyuk-white
"Подвесной светильник Альби Black
83руб.
В Cплит
990руб.",990руб.,https://www.divan.ru/product/podvesnoj-svetilnik-albi-black
"Спот Минки-2 Brown
150руб.
В Cплит
1790руб.",1790руб.,https://www.divan.ru/product/spot-minki-2-brown
"Спот Минки-1 Grey
116руб.
В Cплит
1390руб.",1390руб.,https://www.divan.ru/product/spot-minki-1-grey
"Светильник потолочный Банджи White
666руб.
В Cплит
7990руб.
11 290руб.
-29%","7990руб.
11 290руб.
-29%",https://www.divan.ru/product/svetilnik-potolochnyj-bandji-white
"Спот Минки White
100руб.
В Cплит
1190руб.",1190руб.,https://www.divan.ru/product/spot-minki-white
"Подвесной светильник Минки-2 White
208руб.
В Cплит
2490руб.
2990руб.
-16%","2490руб.
2990руб.
-16%",https://www.divan.ru/product/podvesnoj-svetilnik-minki-2-white
"Подвесной светильник Кэндел White
166руб.
В Cплит
1990руб.
3590руб.
-44%","1990руб.
3590руб.
-44%",https://www.divan.ru/product/podvesnoj-svetilnik-kendel-white
"Спот Минки-2 Grey
141руб.
В Cплит
1690руб.",1690руб.,https://www.divan.ru/product/spot-minki-2-grey
"Бра Варио Black
66руб.
В Cплит
790руб.
1990руб.
-60%","790руб.
1990руб.
-60%",https://www.divan.ru/product/bra-vario-black
